<?xml version="1.0" encoding="UTF-8"?>
<list id="1">
  <org.openmrs.Form id="2" uuid="9819ecd1-bf3e-4258-80c7-881feb1cb638">
    <name>CFL Medicine Refill Visit Note</name>
    <creator/>
    <dateCreated id="3">2020-03-03 13:52:17</dateCreated>
    <changedBy/>
    <dateChanged id="4">2022-03-01 10:00:33</dateChanged>
    <retired>false</retired>
    <formId>9</formId>
    <version>1.0</version>
    <published>false</published>
    <encounterType id="5" resolves-to="org.openmrs.EncounterType" uuid="bce100cf-db7f-496a-968f-e0f686397912">
      <name>Refill Visit Note</name>
      <description>Refill Visit Note</description>
      <creator/>
      <dateCreated id="6">2022-02-23 14:04:13</dateCreated>
      <retired>false</retired>
      <encounterTypeId>15</encounterTypeId>
    </encounterType>
    <formFields id="7"/>
  </org.openmrs.Form>
  <org.openmrs.VisitType id="8" uuid="3627f825-37f2-455b-80e4-86942a409502">
    <name>Medicine refill</name>
    <description>Medicine refill visit type.</description>
    <creator/>
    <dateCreated id="9">2020-03-06 00:00:00</dateCreated>
    <retired>false</retired>
    <visitTypeId>2</visitTypeId>
  </org.openmrs.VisitType>
  <org.openmrs.EncounterType reference="5"/>
</list>
