<?xml version="1.0" encoding="UTF-8"?>
<list id="1">
  <org.openmrs.module.appframework.domain.UserApp id="2">
    <appId>callflowsapp.basicCallflows</appId>
    <json>{&#xd;
      &quot;id&quot;: &quot;callflowsapp.basicCallflows&quot;,&#xd;
      &quot;label&quot;: &quot;Call flows module&quot;,&#xd;
      &quot;description&quot;: &quot;Call flows management page&quot;,&#xd;
      &quot;extensions&quot;: [&#xd;
          {&#xd;
              &quot;id&quot;: &quot;callflowsapp.basicCallflows.homepageLink&quot;,&#xd;
              &quot;extensionPointId&quot;: &quot;systemAdministration.apps&quot;,&#xd;
              &quot;type&quot;: &quot;link&quot;,&#xd;
              &quot;order&quot;: 10,&#xd;
              &quot;label&quot;: &quot;callflows.title&quot;,&#xd;
              &quot;url&quot;: &quot;owa/callflows/index.html&quot;,&#xd;
              &quot;icon&quot;: &quot;icon-phone&quot;,&#xd;
              &quot;requiredPrivilege&quot;: &quot;Callflows Privilege&quot;&#xd;
          }&#xd;
      ]&#xd;
}&#xd;
</json>
  </org.openmrs.module.appframework.domain.UserApp>
  <org.openmrs.module.appframework.domain.UserApp id="3">
    <appId>cfl.allergies.action</appId>
    <json>{&#xd;
    &quot;id&quot;: &quot;cfl.allergies.action&quot;,&#xd;
    &quot;description&quot;: &quot;App related to allergies functionalities&quot;,&#xd;
    &quot;extensions&quot;: [&#xd;
      {&#xd;
        &quot;id&quot;: &quot;cfl.overallActions.allergies&quot;,&#xd;
        &quot;extensionPointId&quot;: &quot;patientDashboard.overallActions&quot;,&#xd;
        &quot;type&quot;: &quot;link&quot;,&#xd;
        &quot;label&quot;: &quot;allergyui.allergies&quot;,&#xd;
        &quot;icon&quot;: &quot;icon-medical&quot;,&#xd;
        &quot;order&quot;: 7,&#xd;
        &quot;url&quot;: &quot;allergyui/allergies.page?patientId={{patient.uuid}}&quot;&#xd;
      }&#xd;
    ]&#xd;
  }</json>
  </org.openmrs.module.appframework.domain.UserApp>
  <org.openmrs.module.appframework.domain.UserApp id="4">
    <appId>cfl.allergies.widget</appId>
    <json>{&#xd;
    &quot;id&quot;: &quot;cfl.allergies.widget&quot;,&#xd;
    &quot;description&quot;: &quot;App related to allergies functionalities&quot;,&#xd;
    &quot;extensions&quot;: [&#xd;
      {&#xd;
        &quot;id&quot;: &quot;cfl.allergies.patientDashboard.firstColumnFragments&quot;,&#xd;
        &quot;extensionPointId&quot;: &quot;patientDashboard.firstColumnFragments&quot;,&#xd;
        &quot;order&quot;: 4,&#xd;
        &quot;extensionParams&quot;: {&#xd;
          &quot;provider&quot;: &quot;allergyui&quot;,&#xd;
          &quot;fragment&quot;: &quot;allergies&quot;&#xd;
        }&#xd;
      }&#xd;
    ]&#xd;
  }</json>
  </org.openmrs.module.appframework.domain.UserApp>
  <org.openmrs.module.appframework.domain.UserApp id="5">
    <appId>cfl.bestContact.widget</appId>
    <json>{&#xd;
    &quot;id&quot;:&quot;cfl.bestContact.widget&quot;,&#xd;
    &quot;description&quot;:&quot;Adds some modifications in the patient dashboard&quot;,&#xd;
    &quot;extensions&quot;: [&#xd;
      {&#xd;
        &quot;id&quot;: &quot;cfl.personDashboard.bestContact&quot;,&#xd;
        &quot;order&quot;: 4,&#xd;
        &quot;extensionPointId&quot;: &quot;personDashboard.secondColumnFragments&quot;,&#xd;
        &quot;icon&quot;: &quot;icon-comment&quot;,&#xd;
        &quot;extensionParams&quot;: {&#xd;
          &quot;provider&quot;: &quot;messages&quot;,&#xd;
          &quot;fragment&quot;: &quot;patientdashboard/bestContactTime&quot;,&#xd;
          &quot;fragmentConfig&quot;: {&#xd;
            &quot;icon&quot;: &quot;icon-comment&quot;,&#xd;
            &quot;personActorTypeLabel&quot;: &quot;Caregiver&quot;,&#xd;
            &quot;detailsUrl&quot;: &quot;owa/messages/index.html#/messages/person/{{person.id}}&amp;patientUuid={{person.uuid}}&quot;&#xd;
          }&#xd;
        }&#xd;
      }&#xd;
    ]&#xd;
  }</json>
  </org.openmrs.module.appframework.domain.UserApp>
  <org.openmrs.module.appframework.domain.UserApp id="6">
    <appId>cfl.conditions.action</appId>
    <json>{&#xd;
    &quot;id&quot;: &quot;cfl.conditions.action&quot;,&#xd;
    &quot;description&quot;: &quot;App related to conditions functionalities&quot;,&#xd;
    &quot;extensions&quot;: [&#xd;
      {&#xd;
        &quot;id&quot;: &quot;cfl.overallActions.conditions&quot;,&#xd;
        &quot;extensionPointId&quot;: &quot;patientDashboard.overallActions&quot;,&#xd;
        &quot;type&quot;: &quot;link&quot;,&#xd;
        &quot;label&quot;: &quot;coreapps.conditionui.conditions&quot;,&#xd;
        &quot;icon&quot;: &quot;icon-diagnosis&quot;,&#xd;
        &quot;order&quot;: 6,&#xd;
        &quot;url&quot;: &quot;coreapps/conditionlist/manageConditions.page?patientId={{patient.uuid}}&quot;&#xd;
      }&#xd;
    ]&#xd;
  }</json>
  </org.openmrs.module.appframework.domain.UserApp>
  <org.openmrs.module.appframework.domain.UserApp id="7">
    <appId>cfl.conditions.widget</appId>
    <json>{&#xd;
    &quot;id&quot;: &quot;cfl.conditions.widget&quot;,&#xd;
    &quot;description&quot;: &quot;App related to conditions functionalities&quot;,&#xd;
    &quot;extensions&quot;: [&#xd;
      {&#xd;
        &quot;id&quot;: &quot;cfl.allergies.patientDashboard.firstColumnFragments&quot;,&#xd;
        &quot;extensionPointId&quot;: &quot;patientDashboard.firstColumnFragments&quot;,&#xd;
        &quot;order&quot;: 3,&#xd;
        &quot;label&quot;: &quot;coreapps.conditionui.conditions&quot;,&#xd;
        &quot;icon&quot;: &quot;icon-medical&quot;,&#xd;
        &quot;extensionParams&quot;: {&#xd;
          &quot;provider&quot;: &quot;coreapps&quot;,&#xd;
          &quot;fragment&quot;: &quot;conditionlist/conditions&quot;&#xd;
        }&#xd;
      }&#xd;
    ]&#xd;
  }</json>
  </org.openmrs.module.appframework.domain.UserApp>
  <org.openmrs.module.appframework.domain.UserApp id="8">
    <appId>cfl.dashboard.diagnoses</appId>
    <json>  {&#xd;
    &quot;id&quot;: &quot;cfl.dashboard.diagnoses&quot;,&#xd;
    &quot;label&quot;: &quot;coreapps.clinicianfacing.diagnoses&quot;,&#xd;
    &quot;icon&quot;: &quot;icon-diagnosis&quot;,&#xd;
    &quot;order&quot;: 1,&#xd;
    &quot;extensions&quot;: [&#xd;
      {&#xd;
        &quot;id&quot;: &quot;cfl.dashboard.diagnosesPageLink&quot;,&#xd;
        &quot;appId&quot;: &quot;cfl.diagnosis&quot;,&#xd;
        &quot;extensionPointId&quot;: &quot;patientDashboard.firstColumnFragments&quot;,&#xd;
        &quot;extensionParams&quot;: {&#xd;
          &quot;provider&quot;: &quot;cfl&quot;,&#xd;
          &quot;fragment&quot;: &quot;diagnoses&quot;&#xd;
        }&#xd;
      }&#xd;
    ]&#xd;
  }</json>
  </org.openmrs.module.appframework.domain.UserApp>
  <org.openmrs.module.appframework.domain.UserApp id="9">
    <appId>cfl.hiv.intake.form</appId>
    <json>{&#xd;
    &quot;id&quot;: &quot;cfl.hiv.intake.form&quot;,&#xd;
    &quot;description&quot;: &quot;Adding a new link in general action section&quot;,    &#xd;
    &quot;extensions&quot;: [{&#xd;
        &quot;id&quot;: &quot;cfl.hiv.intake.form.overallActionsLink&quot;,&#xd;
        &quot;extensionPointId&quot;: &quot;patientDashboard.overallActions&quot;,&#xd;
        &quot;type&quot;: &quot;link&quot;,&#xd;
        &quot;label&quot;: &quot;HIV Intake Form&quot;,&#xd;
        &quot;icon&quot;: &quot;icon-medical&quot;,&#xd;
        &quot;order&quot;: 7,&#xd;
        &quot;url&quot;: &quot;htmlformentryui/htmlform/enterHtmlFormWithStandardUi.page?patientId={{patient.uuid}}&amp;formUuid=916ed8bb-69f3-400a-a171-720730183544&quot;&#xd;
    }&#xd;
  ]&#xd;
}</json>
  </org.openmrs.module.appframework.domain.UserApp>
  <org.openmrs.module.appframework.domain.UserApp id="10">
    <appId>cfl.HIV.program</appId>
    <json>{&#xd;
   &quot;id&quot;:&quot;cfl.HIV.program&quot;,&#xd;
&quot;instanceOf&quot;: &quot;coreapps.template.dashboardWidget&quot;,&#xd;
  &quot;description&quot;: &quot;coreapps.mostRecentVitals.app.description&quot;,&#xd;
&quot;order&quot;:3,&#xd;
    &quot;extensions&quot;:[&#xd;
{&#xd;
         &quot;id&quot;:&quot;cfl.additionalprofile.add.link&quot;,&#xd;
         &quot;extensionPointId&quot;: &quot;patientDashboard.firstColumnFragments&quot;,&#xd;
        &quot;extensionParams&quot;: {&#xd;
              &quot;provider&quot;: &quot;cfl&quot;,&#xd;
               &quot;fragment&quot;: &quot;dashboardwidgets/program&quot;,&#xd;
				&quot;fragmentConfig&quot;: {&#xd;
            &quot;returnUrl&quot;: &quot;/coreapps/clinicianfacing/patient.page?patientId={{person.uuid}}&quot;,&#xd;
            &quot;addLabel&quot;:&quot;Add HIV Program&quot;,&#xd;
           &quot;editLabel&quot;:&quot;Edit HIV Program&quot;,&#xd;
           &quot;icon&quot;: &quot;icon-stethoscope&quot;,&#xd;
           &quot;label&quot;: &quot;Programs&quot;,&#xd;
           &quot;programMapList&quot;:[&#xd;
			{&#xd;
                 &quot;name&quot;:&quot;HIV&quot;,&#xd;
                 &quot;programFormProvider&quot;: &quot;cfldistribution&quot;,&#xd;
                 &quot;programFormName&quot;:&quot;cfl-hiv-arts.xml&quot;,&#xd;
                 &quot;programFormEncounterTypeUuid&quot;:&quot;b3af129b-90c9-4f84-966e-f4f9515083e6&quot;,&#xd;
                 &quot;discontinuationFormProvider&quot;:&quot;cfldistribution&quot;,&#xd;
                 &quot;discontinuationFormName&quot;:&quot;discontinue-program.xml&quot;,&#xd;
                 &quot;discontinuationFormEncounterTypeUuid&quot;:&quot;29d283d3-83ab-4b57-a17c-fe80db2146b1&quot; &#xd;
               }&#xd;
           ]&#xd;
          }&#xd;
         }&#xd;
      }&#xd;
   ]&#xd;
}</json>
  </org.openmrs.module.appframework.domain.UserApp>
  <org.openmrs.module.appframework.domain.UserApp id="11">
    <appId>cfl.init.call</appId>
    <json>{
  &quot;id&quot; : &quot;cfl.init.call&quot;,
  &quot;description&quot; : &quot;App related to init call functionalities&quot;,
  &quot;order&quot; : 0,
  &quot;extensions&quot; : [ {
    &quot;id&quot; : &quot;cfl.patientDashboard.initCall&quot;,
    &quot;extensionPointId&quot; : &quot;patientDashboard.overallActions&quot;,
    &quot;type&quot; : &quot;script&quot;,
    &quot;label&quot; : &quot;cfl.initcall.button&quot;,
    &quot;icon&quot; : &quot;icon-phone-sign&quot;,
    &quot;order&quot; : 26,
    &quot;script&quot; : &quot;initCall.showInitCallCreationDialog(&amp;#x27;{{patient.uuid}}&amp;#x27;,&amp;#x27;Patient&amp;#x27;,&amp;#x27;nexmo&amp;#x27;)&quot;
  }, {
    &quot;id&quot; : &quot;cfl.personDashboard.outgoing&quot;,
    &quot;extensionPointId&quot; : &quot;personDashboard.overallActions&quot;,
    &quot;type&quot; : &quot;script&quot;,
    &quot;label&quot; : &quot;cfl.initcall.button&quot;,
    &quot;icon&quot; : &quot;icon-phone-sign&quot;,
    &quot;order&quot; : 4,
    &quot;script&quot; : &quot;initCall.showInitCallCreationDialog(&amp;#x27;{{person.uuid}}&amp;#x27;,&amp;#x27;Caregiver&amp;#x27;,&amp;#x27;nexmo&amp;#x27;)&quot;
  }, {
    &quot;id&quot; : &quot;cfl.patientDashboard.initCallDialog&quot;,
    &quot;extensionPointId&quot; : &quot;patientDashboard.includeFragments&quot;,
    &quot;order&quot; : 0,
    &quot;extensionParams&quot; : {
      &quot;provider&quot; : &quot;cfl&quot;,
      &quot;fragment&quot; : &quot;includeFragments/initCallDialog&quot;
    }
  } ]
}</json>
  </org.openmrs.module.appframework.domain.UserApp>
  <org.openmrs.module.appframework.domain.UserApp id="12">
    <appId>cfl.latestobsforconceptlis.widget</appId>
    <json>{&#xd;
    &quot;id&quot;: &quot;cfl.latestobsforconceptlis.widget&quot;,&#xd;
    &quot;instanceOf&quot;: &quot;coreapps.template.dashboardWidget&quot;,&#xd;
    &quot;description&quot;: &quot;coreapps.latestObsForConceptList.app.description&quot;,&#xd;
    &quot;config&quot;: {&#xd;
      &quot;widget&quot;: &quot;latestobsforconceptlist&quot;,&#xd;
      &quot;icon&quot;: &quot;icon-user-md&quot;,&#xd;
      &quot;label&quot;: &quot;LATEST OBSERVATIONS&quot;,&#xd;
      &quot;maxAge&quot;: &quot;1m&quot;,&#xd;
      &quot;concepts&quot;: &quot;5089AAAAAAAAAAAAAAAAAAAAAAAAAAAAAAAA, 5090AAAAAAAAAAAAAAAAAAAAAAAAAAAAAAAA, 5088AAAAAAAAAAAAAAAAAAAAAAAAAAAAAAAA, 5085AAAAAAAAAAAAAAAAAAAAAAAAAAAAAAAA, 5086AAAAAAAAAAAAAAAAAAAAAAAAAAAAAAAA&quot;&#xd;
    },&#xd;
    &quot;extensions&quot;: [&#xd;
      {&#xd;
        &quot;id&quot;: &quot;cfl.latestobsforconceptlis.clinicianDashboardSecondColumn&quot;,&#xd;
        &quot;appId&quot;: &quot;cfl.latestobsforconceptlis.widget&quot;,&#xd;
        &quot;order&quot;: 1,&#xd;
        &quot;extensionPointId&quot;: &quot;patientDashboard.secondColumnFragments&quot;,&#xd;
        &quot;extensionParams&quot;: {&#xd;
          &quot;provider&quot;: &quot;coreapps&quot;,&#xd;
          &quot;fragment&quot;: &quot;dashboardwidgets/dashboardWidget&quot;&#xd;
        }&#xd;
      }&#xd;
    ]&#xd;
  }</json>
  </org.openmrs.module.appframework.domain.UserApp>
  <org.openmrs.module.appframework.domain.UserApp id="13">
    <appId>cfl.medical.visit.note</appId>
    <json>{&#xd;
    &quot;id&quot;: &quot;cfl.medical.visit.note&quot;,&#xd;
    &quot;description&quot;: &quot;Adding a new link in general action section&quot;,    &#xd;
    &quot;extensions&quot;: [{&#xd;
        &quot;id&quot;: &quot;cfl.medical.visit.note.overallActionsLink&quot;,&#xd;
        &quot;extensionPointId&quot;: &quot;patientDashboard.overallActions&quot;,&#xd;
        &quot;type&quot;: &quot;link&quot;,&#xd;
        &quot;label&quot;: &quot;Medical Visit Note&quot;,&#xd;
        &quot;icon&quot;: &quot;icon-medical&quot;,&#xd;
        &quot;order&quot;: 8,&#xd;
        &quot;url&quot;: &quot;htmlformentryui/htmlform/enterHtmlFormWithStandardUi.page?patientId={{patient.uuid}}&amp;formUuid=be69b3f3-143c-4d97-a574-c00586bccec7&quot;&#xd;
    }&#xd;
  ]&#xd;
}</json>
  </org.openmrs.module.appframework.domain.UserApp>
  <org.openmrs.module.appframework.domain.UserApp id="14">
    <appId>cfl.patient.additionalprofile</appId>
    <json>{&#xd;
   &quot;id&quot;:&quot;cfl.patient.additionalprofile&quot;,&#xd;
&quot;instanceOf&quot;: &quot;coreapps.template.dashboardWidget&quot;,&#xd;
  &quot;description&quot;: &quot;coreapps.mostRecentVitals.app.description&quot;,&#xd;
    &quot;extensions&quot;:[&#xd;
{&#xd;
         &quot;id&quot;:&quot;cfl.additionalprofile.add.link&quot;,&#xd;
         &quot;extensionPointId&quot;: &quot;patientDashboard.secondColumnFragments&quot;,&#xd;
        &quot;extensionParams&quot;: {&#xd;
              &quot;provider&quot;: &quot;cfl&quot;,&#xd;
               &quot;fragment&quot;: &quot;encounter&quot;,&#xd;
&quot;fragmentConfig&quot;: {&#xd;
            &quot;returnUrl&quot;: &quot;/coreapps/clinicianfacing/patient.page?patientId={{person.uuid}}&quot;,&#xd;
            &quot;encounterTypeUuid&quot;: &quot;d7151f82-c1f3-4152-a605-2f9ea7414a79&quot;,&#xd;
           &quot;addLabel&quot;:&quot;Add Additional Profile&quot;,&#xd;
            &quot;formName&quot;:&quot;cfl-visit-note.xml&quot;,&#xd;
           &quot;editLabel&quot;:&quot;Edit Additional Profile&quot;,&#xd;
           &quot;label&quot;:&quot;cfl.patientProfile.label&quot;&#xd;
&#xd;
          }&#xd;
         }&#xd;
      }&#xd;
   ]&#xd;
}</json>
  </org.openmrs.module.appframework.domain.UserApp>
  <org.openmrs.module.appframework.domain.UserApp id="15">
    <appId>cfl.patientDashboard.disableVisitActions</appId>
    <json>{&#xd;
    &quot;id&quot;: &quot;cfl.patientDashboard.disableVisitActions&quot;,&#xd;
    &quot;description&quot;: &quot;Disable default visit actions&quot;,&#xd;
    &quot;extensions&quot;: [&#xd;
      {&#xd;
        &quot;id&quot;: &quot;cfl.patientDashboard.includeFragments.disableVisitActions&quot;,&#xd;
        &quot;extensionPointId&quot;: &quot;patientDashboard.includeFragments&quot;,&#xd;
        &quot;extensionParams&quot;: {&#xd;
          &quot;provider&quot;: &quot;cfl&quot;,&#xd;
          &quot;fragment&quot;: &quot;includeFragments/disableVisitActions&quot;&#xd;
        }&#xd;
      }&#xd;
    ]&#xd;
  }</json>
  </org.openmrs.module.appframework.domain.UserApp>
  <org.openmrs.module.appframework.domain.UserApp id="16">
    <appId>cfl.patientflags.widget</appId>
    <json>{&#xd;
    &quot;id&quot;: &quot;cfl.patientflags.widget&quot;,&#xd;
    &quot;description&quot;: &quot;App related to patientflags functionalities&quot;,&#xd;
    &quot;extensions&quot;: [&#xd;
      {&#xd;
        &quot;id&quot;: &quot;cfl.patientflags.patientDashboard.secondColumnFragments&quot;,&#xd;
        &quot;extensionPointId&quot;: &quot;patientDashboard.secondColumnFragments&quot;,&#xd;
        &quot;order&quot;: -1,&#xd;
        &quot;extensionParams&quot;: {&#xd;
          &quot;provider&quot;: &quot;patientflags&quot;,&#xd;
          &quot;fragment&quot;: &quot;patientflagsDashboard&quot;&#xd;
        }&#xd;
      }&#xd;
    ]&#xd;
  }</json>
  </org.openmrs.module.appframework.domain.UserApp>
  <org.openmrs.module.appframework.domain.UserApp id="17">
    <appId>cfl.patientProfile.action</appId>
    <json>{&#xd;
  &quot;id&quot;: &quot;cfl.patientProfile.action&quot;,&#xd;
  &quot;description&quot;: &quot;Adds patient profile action&quot;,&#xd;
  &quot;extensions&quot;: [&#xd;
    {&#xd;
        &quot;id&quot;: &quot;cfl.patientProfile&quot;,&#xd;
        &quot;extensionPointId&quot;: &quot;patientDashboard.overallActions&quot;,&#xd;
        &quot;type&quot;: &quot;link&quot;,&#xd;
        &quot;label&quot;: &quot;cfl.patientProfile.label&quot;,&#xd;
        &quot;url&quot;: &quot;registrationapp/editSection.page?patientId={{patient.patientId}}&amp;sectionId=demographics&amp;appId=cfl.registerPatient&quot;,&#xd;
        &quot;icon&quot;: &quot;icon-pencil&quot;,&#xd;
        &quot;order&quot;: 1,&#xd;
        &quot;requiredPrivilege&quot;: &quot;App: registrationapp.registerPatient&quot;&#xd;
      }&#xd;
  ]&#xd;
}</json>
  </org.openmrs.module.appframework.domain.UserApp>
  <org.openmrs.module.appframework.domain.UserApp id="18">
    <appId>cfl.patientProgram.widget</appId>
    <json>{&#xd;
    &quot;id&quot;: &quot;cfl.patientProgram.widget&quot;,&#xd;
    &quot;instanceOf&quot;: &quot;coreapps.template.dashboardWidget&quot;,&#xd;
    &quot;description&quot;: &quot;List of Patient programs&quot;,&#xd;
    &quot;order&quot;: 10,&#xd;
    &quot;config&quot;: {&#xd;
      &quot;widget&quot;: &quot;programs&quot;,&#xd;
      &quot;icon&quot;: &quot;icon-stethoscope&quot;,&#xd;
      &quot;label&quot;: &quot;cfl.patientDashboard.program.label&quot;,&#xd;
      &quot;dateFormat&quot;: &quot;dd MMM yyyy&quot;,&#xd;
      &quot;showAddProgram&quot;: true,&#xd;
      &quot;supportedPrograms&quot;: null,&#xd;
      &quot;enableProgramDashboards&quot;: true&#xd;
    },&#xd;
    &quot;extensions&quot;: [&#xd;
      {&#xd;
        &quot;id&quot;: &quot;org.patientProgram.widget&quot;,&#xd;
        &quot;appId&quot;: &quot;cfl.patientProgram.widget&quot;,&#xd;
        &quot;order&quot;: 2,&#xd;
        &quot;extensionPointId&quot;: &quot;patientDashboard.firstColumnFragments&quot;,&#xd;
        &quot;extensionParams&quot;: {&#xd;
          &quot;provider&quot;: &quot;coreapps&quot;,&#xd;
          &quot;fragment&quot;: &quot;dashboardwidgets/dashboardWidget&quot;&#xd;
        }&#xd;
      }&#xd;
    ]&#xd;
  }</json>
  </org.openmrs.module.appframework.domain.UserApp>
  <org.openmrs.module.appframework.domain.UserApp id="19">
    <appId>cfl.personDashboard.actions</appId>
    <json>{&#xd;
    &quot;id&quot;: &quot;cfl.personDashboard.actions&quot;,&#xd;
    &quot;label&quot;: &quot;CFL module&quot;,&#xd;
    &quot;description&quot;: &quot;CFL configuration of person dashboard&quot;,&#xd;
    &quot;extensions&quot;: [&#xd;
      {&#xd;
        &quot;id&quot;: &quot;cfl.caregiverProfile&quot;,&#xd;
        &quot;extensionPointId&quot;: &quot;personDashboard.overallActions&quot;,&#xd;
        &quot;type&quot;: &quot;link&quot;,&#xd;
        &quot;label&quot;: &quot;cfl.caregiverProfile.label&quot;,&#xd;
        &quot;url&quot;: &quot;cfl/editPersonSection.page?personId={{personId}}&amp;sectionId=demographics&amp;appId=cfl.registerCaregiver&quot;,&#xd;
        &quot;icon&quot;: &quot;icon-pencil&quot;,&#xd;
        &quot;order&quot;: 1,&#xd;
        &quot;requiredPrivilege&quot;: &quot;App: registrationapp.registerPatient&quot;&#xd;
      },&#xd;
      {&#xd;
        &quot;id&quot;: &quot;cfl.basicMessages.personDashboardLink&quot;,&#xd;
        &quot;extensionPointId&quot;: &quot;personDashboard.overallActions&quot;,&#xd;
        &quot;type&quot;: &quot;link&quot;,&#xd;
        &quot;label&quot;: &quot;messages.title&quot;,&#xd;
        &quot;icon&quot;: &quot;icon-comment&quot;,&#xd;
        &quot;order&quot;: 2,&#xd;
        &quot;url&quot;: &quot;owa/messages/index.html#/messages/person/{{personId}}&amp;patientUuid={{person.uuid}}&quot;&#xd;
      },&#xd;
      {&#xd;
        &quot;id&quot;: &quot;cfl.personDashboard.deletePerson&quot;,&#xd;
        &quot;extensionPointId&quot;: &quot;personDashboard.overallActions&quot;,&#xd;
        &quot;type&quot;: &quot;script&quot;,&#xd;
        &quot;label&quot;: &quot;cfl.deletePerson.label&quot;,&#xd;
        &quot;script&quot;: &quot;delPerson.showDeletePersonCreationDialog(&amp;#x27;{{person.uuid}}&amp;#x27;)&quot;,&#xd;
        &quot;icon&quot;: &quot;icon-remove&quot;,&#xd;
        &quot;order&quot;: 3,&#xd;
        &quot;requiredPrivilege&quot;: &quot;Delete People&quot;&#xd;
      }&#xd;
    ]&#xd;
  }</json>
  </org.openmrs.module.appframework.domain.UserApp>
  <org.openmrs.module.appframework.domain.UserApp id="20">
    <appId>cfl.personHeader</appId>
    <json>{&#xd;
    &quot;id&quot;: &quot;cfl.personHeader&quot;,&#xd;
    &quot;label&quot;: &quot;person header&quot;,&#xd;
    &quot;description&quot;: &quot;Used to provide person header UI extensions&quot;,&#xd;
    &quot;extensions&quot;: [&#xd;
      {&#xd;
        &quot;id&quot;: &quot;cfl.personHeader.secondLineFragments.personStatus&quot;,&#xd;
        &quot;extensionPointId&quot;: &quot;personHeader.secondLineFragments&quot;,&#xd;
        &quot;extensionParams&quot;: {&#xd;
          &quot;provider&quot;: &quot;messages&quot;,&#xd;
          &quot;fragment&quot;: &quot;patientheader/personStatus&quot;&#xd;
        }&#xd;
      },&#xd;
      {&#xd;
        &quot;id&quot;: &quot;cfl.personDashboard.secondLineFragments.personLocation&quot;,&#xd;
        &quot;extensionPointId&quot;: &quot;personHeader.secondLineFragments&quot;,&#xd;
        &quot;extensionParams&quot;: {&#xd;
          &quot;provider&quot;: &quot;cfl&quot;,&#xd;
          &quot;fragment&quot;: &quot;personHeaderLocation&quot;&#xd;
        }&#xd;
      }&#xd;
    ]&#xd;
  }</json>
  </org.openmrs.module.appframework.domain.UserApp>
  <org.openmrs.module.appframework.domain.UserApp id="21">
    <appId>cfl.program.enrollment</appId>
    <json>{&#xd;
   &quot;id&quot;:&quot;cfl.program.enrollment&quot;,&#xd;
&quot;instanceOf&quot;: &quot;coreapps.template.dashboardWidget&quot;,&#xd;
  &quot;description&quot;: &quot;coreapps.mostRecentVitals.app.description&quot;,&#xd;
&quot;order&quot;:3,&#xd;
    &quot;extensions&quot;:[&#xd;
{&#xd;
         &quot;id&quot;:&quot;cfl.additionalprofile.add.link&quot;,&#xd;
         &quot;extensionPointId&quot;: &quot;patientDashboard.firstColumnFragments&quot;,&#xd;
        &quot;extensionParams&quot;: {&#xd;
              &quot;provider&quot;: &quot;cfl&quot;,&#xd;
               &quot;fragment&quot;: &quot;dashboardwidgets/program&quot;,&#xd;
&quot;fragmentConfig&quot;: {&#xd;
            &quot;returnUrl&quot;: &quot;/coreapps/clinicianfacing/patient.page?patientId={{person.uuid}}&quot;,&#xd;
            &quot;addLabel&quot;:&quot;Add HIV Program&quot;,&#xd;
           &quot;editLabel&quot;:&quot;Edit HIV Program&quot;,&#xd;
           &quot;icon&quot;: &quot;icon-stethoscope&quot;,&#xd;
           &quot;label&quot;: &quot;Programs Widget&quot;,&#xd;
           &quot;programMapList&quot;:[&#xd;
		{&#xd;
                 &quot;name&quot;:&quot;HIV&quot;,&#xd;
                 &quot;programFormName&quot;:&quot;cfl-hiv-arts.xml&quot;,&#xd;
                 &quot;programFormEncounterTypeUuid&quot;:&quot;b3af129b-90c9-4f84-966e-f4f9515083e6&quot;,&#xd;
                 &quot;discontinuationFormName&quot;:&quot;cfl-hiv-arts.xml&quot;,&#xd;
                 &quot;discontinuationFormEncounterTypeUuid&quot;:&quot;b3af129b-90c9-4f84-966e-f4f9515083e6&quot; &#xd;
               },{&#xd;
                 &quot;name&quot;:&quot;TB&quot;,&#xd;
                 &quot;programFormName&quot;:&quot;cfl-hiv-arts.xml&quot;,&#xd;
                 &quot;programFormEncounterTypeUuid&quot;:&quot;b3af129b-90c9-4f84-966e-f4f9515083e6&quot;,&#xd;
                 &quot;discontinuationFormName&quot;:&quot;cfl-hiv-arts.xml&quot;,&#xd;
                 &quot;discontinuationFormEncounterTypeUuid&quot;:&quot;b3af129b-90c9-4f84-966e-f4f9515083e6&quot; &#xd;
               }&#xd;
           ]&#xd;
          }&#xd;
         }&#xd;
      }&#xd;
   ]&#xd;
}</json>
  </org.openmrs.module.appframework.domain.UserApp>
  <org.openmrs.module.appframework.domain.UserApp id="22">
    <appId>cfl.relationships.widget</appId>
    <json>{&#xd;
    &quot;id&quot;: &quot;cfl.relationships.widget&quot;,&#xd;
    &quot;instanceOf&quot;: &quot;coreapps.template.dashboardWidget&quot;,&#xd;
    &quot;description&quot;: &quot;This app adds a relationship widget into the patient dashboard&quot;,&#xd;
    &quot;extensions&quot;: [&#xd;
      {&#xd;
        &quot;id&quot;: &quot;cfl.patientDashboard.relationships.clinicianDashboardFirstColumn&quot;,&#xd;
        &quot;appId&quot;: &quot;cfl.relationships.widget&quot;,&#xd;
        &quot;order&quot;: 1,&#xd;
        &quot;extensionPointId&quot;: &quot;patientDashboard.firstColumnFragments&quot;,&#xd;
        &quot;extensionParams&quot;: {&#xd;
          &quot;provider&quot;: &quot;cfl&quot;,&#xd;
          &quot;fragment&quot;: &quot;dashboardwidgets/personFamilyWidget&quot;,&#xd;
          &quot;fragmentConfig&quot;: {&#xd;
            &quot;personPage&quot;: &quot;/coreapps/clinicianfacing/patient.page?patientId={personUuid}&quot;,&#xd;
            &quot;patientPage&quot;: &quot;/coreapps/clinicianfacing/patient.page?patientId={personUuid}&quot;,&#xd;
            &quot;label&quot;: &quot;cfl.dashboard.relationship.label&quot;,&#xd;
            &quot;icon&quot;: &quot;icon-group&quot;,&#xd;
            &quot;maxRecords&quot;: &quot;15&quot;&#xd;
          }&#xd;
        }&#xd;
      },&#xd;
      {&#xd;
        &quot;id&quot;: &quot;cfl.personDashboard.relationships.clinicianDashboardFirstColumn&quot;,&#xd;
        &quot;appId&quot;: &quot;cfl.relationships.widget&quot;,&#xd;
        &quot;order&quot;: 1,&#xd;
        &quot;extensionPointId&quot;: &quot;personDashboard.firstColumnFragments&quot;,&#xd;
        &quot;extensionParams&quot;: {&#xd;
          &quot;provider&quot;: &quot;cfl&quot;,&#xd;
          &quot;fragment&quot;: &quot;dashboardwidgets/personFamilyWidget&quot;,&#xd;
          &quot;fragmentConfig&quot;: {&#xd;
            &quot;personPage&quot;: &quot;/coreapps/clinicianfacing/patient.page?patientId={personUuid}&quot;,&#xd;
            &quot;patientPage&quot;: &quot;/coreapps/clinicianfacing/patient.page?patientId={personUuid}&quot;,&#xd;
            &quot;label&quot;: &quot;cfl.dashboard.relationship.label&quot;,&#xd;
            &quot;icon&quot;: &quot;icon-group&quot;,&#xd;
            &quot;maxRecords&quot;: &quot;15&quot;&#xd;
          }&#xd;
        }&#xd;
      }&#xd;
    ]&#xd;
  }</json>
  </org.openmrs.module.appframework.domain.UserApp>
  <org.openmrs.module.appframework.domain.UserApp id="23">
    <appId>cfl.reportingui.reports</appId>
    <json>{&#xd;
    &quot;id&quot;: &quot;cfl.reportingui.reports&quot;,&#xd;
    &quot;label&quot;: &quot;Reports&quot;,&#xd;
    &quot;description&quot;: &quot;Reports&quot;,&#xd;
    &quot;extensionPoints&quot;: [&#xd;
            {&#xd;
                &quot;id&quot;: &quot;org.openmrs.module.reportingui.reports.overview&quot;,&#xd;
                &quot;description&quot;: &quot;Overview Reports&quot;,&#xd;
                &quot;supportedExtensionTypes&quot;: [ &quot;link&quot; ]&#xd;
            },&#xd;
            {&#xd;
                &quot;id&quot;: &quot;org.openmrs.module.reportingui.reports.dataexport&quot;,&#xd;
                &quot;description&quot;: &quot;Migrated Reports&quot;,&#xd;
                &quot;supportedExtensionTypes&quot;: [ &quot;link&quot; ]&#xd;
            }&#xd;
        ],&#xd;
    &quot;extensions&quot;: [&#xd;
        {&#xd;
            &quot;id&quot;: &quot;cfl.reportingui.reports.homepagelink&quot;,&#xd;
            &quot;extensionPointId&quot;: &quot;org.openmrs.module.reportingui.reports.dataexport&quot;,&#xd;
            &quot;type&quot;: &quot;link&quot;,&#xd;
            &quot;label&quot;: &quot;Patients Over Time&quot;,&#xd;
            &quot;url&quot;: &quot;reportingui/runReport.page?reportDefinition=00683bbb-7622-4cce-8819-27c7f86464d1&quot;,&#xd;
            &quot;icon&quot;: &quot;icon-list-alt&quot;,&#xd;
            &quot;order&quot;: 1,&#xd;
            &quot;requiredPrivilege&quot;: &quot;App: reportingui.reports&quot;&#xd;
        },&#xd;
        {&#xd;
            &quot;id&quot;: &quot;cfl.reportingui.reports.homepagelink&quot;,&#xd;
            &quot;extensionPointId&quot;: &quot;org.openmrs.module.reportingui.reports.dataexport&quot;,&#xd;
            &quot;type&quot;: &quot;link&quot;,&#xd;
            &quot;label&quot;: &quot;Visits Report&quot;,&#xd;
            &quot;url&quot;: &quot;reportingui/runReport.page?reportDefinition=a27b61ab-0f24-4a6c-b0dc-1a5f57aca4ec&quot;,&#xd;
            &quot;icon&quot;: &quot;icon-list-alt&quot;,&#xd;
            &quot;order&quot;: 1,&#xd;
            &quot;requiredPrivilege&quot;: &quot;App: reportingui.reports&quot;&#xd;
        },&#xd;
{&#xd;
            &quot;id&quot;: &quot;cfl.reportingui.reports.homepagelink&quot;,&#xd;
            &quot;extensionPointId&quot;: &quot;org.openmrs.module.reportingui.reports.dataexport&quot;,&#xd;
            &quot;type&quot;: &quot;link&quot;,&#xd;
            &quot;label&quot;: &quot;Clinic Level Data&quot;,&#xd;
            &quot;url&quot;: &quot;reportingui/runReport.page?reportDefinition=8885a9a3-d4d0-43f7-a306-322df7fbe187&quot;,&#xd;
            &quot;icon&quot;: &quot;icon-list-alt&quot;,&#xd;
            &quot;order&quot;: 1,&#xd;
            &quot;requiredPrivilege&quot;: &quot;App: reportingui.reports&quot;&#xd;
        },&#xd;
{&#xd;
            &quot;id&quot;: &quot;cfl.reportingui.reports.homepagelink&quot;,&#xd;
            &quot;extensionPointId&quot;: &quot;org.openmrs.module.reportingui.reports.dataexport&quot;,&#xd;
            &quot;type&quot;: &quot;link&quot;,&#xd;
            &quot;label&quot;: &quot;PatientData&quot;,&#xd;
            &quot;url&quot;: &quot;reportingui/runReport.page?reportDefinition=63cdd755-bf89-4ac6-bd25-4057d6263467&quot;,&#xd;
            &quot;icon&quot;: &quot;icon-list-alt&quot;,&#xd;
            &quot;order&quot;: 1,&#xd;
            &quot;requiredPrivilege&quot;: &quot;App: reportingui.reports&quot;&#xd;
        },    &#xd;
{&#xd;
            &quot;id&quot;: &quot;cfl.reportingui.reports.homepagelink&quot;,&#xd;
            &quot;extensionPointId&quot;: &quot;org.openmrs.module.reportingui.reports.dataexport&quot;,&#xd;
            &quot;type&quot;: &quot;link&quot;,&#xd;
            &quot;label&quot;: &quot;Call Details&quot;,&#xd;
            &quot;url&quot;: &quot;reportingui/runReport.page?reportDefinition=6c711ca6-7cc1-4142-b1c2-6abb177fe7f2&quot;,&#xd;
            &quot;icon&quot;: &quot;icon-list-alt&quot;,&#xd;
            &quot;order&quot;: 1,&#xd;
            &quot;requiredPrivilege&quot;: &quot;App: reportingui.reports&quot;&#xd;
        }, &#xd;
{&#xd;
            &quot;id&quot;: &quot;cfl.reportingui.reports.homepagelink&quot;,&#xd;
            &quot;extensionPointId&quot;: &quot;org.openmrs.module.reportingui.reports.dataexport&quot;,&#xd;
            &quot;type&quot;: &quot;link&quot;,&#xd;
            &quot;label&quot;: &quot;Medical Records&quot;,&#xd;
            &quot;url&quot;: &quot;reportingui/runReport.page?reportDefinition=ae3dca1a-ad00-4773-8759-487e62d1efe6&quot;,&#xd;
            &quot;icon&quot;: &quot;icon-list-alt&quot;,&#xd;
            &quot;order&quot;: 1,&#xd;
            &quot;requiredPrivilege&quot;: &quot;App: reportingui.reports&quot;&#xd;
        },    &#xd;
{&#xd;
            &quot;id&quot;: &quot;cfl.reportingui.reports.homepagelink&quot;,&#xd;
            &quot;extensionPointId&quot;: &quot;org.openmrs.module.reportingui.reports.overview&quot;,&#xd;
            &quot;type&quot;: &quot;link&quot;,&#xd;
            &quot;label&quot;: &quot;List of all Users Report&quot;,&#xd;
            &quot;url&quot;: &quot;reportingui/runReport.page?reportDefinition=d71b5170-5283-11e7-b114-b2f933d5fe66&quot;,&#xd;
            &quot;icon&quot;: &quot;icon-list-alt&quot;,&#xd;
            &quot;order&quot;: 1,&#xd;
            &quot;requiredPrivilege&quot;: &quot;App: reportingui.reports&quot;&#xd;
        },&#xd;
        {&#xd;
            &quot;id&quot;: &quot;cfl.reportingui.reports.homepagelink&quot;,&#xd;
            &quot;extensionPointId&quot;: &quot;org.openmrs.module.reportingui.reports.overview&quot;,&#xd;
            &quot;type&quot;: &quot;link&quot;,&#xd;
            &quot;label&quot;: &quot;dashboard_reminderAdherence&quot;,&#xd;
            &quot;url&quot;: &quot;reportingui/runReport.page?reportDefinition=cdeeca12-2863-4566-8bdd-14a7666ffa30&quot;,&#xd;
            &quot;icon&quot;: &quot;icon-list-alt&quot;,&#xd;
            &quot;order&quot;: 1,&#xd;
            &quot;requiredPrivilege&quot;: &quot;App: reportingui.reports&quot;&#xd;
        },&#xd;
       {&#xd;
            &quot;id&quot;: &quot;cfl.reportingui.reports.homepagelink&quot;,&#xd;
            &quot;extensionPointId&quot;: &quot;org.openmrs.module.reportingui.reports.overview&quot;,&#xd;
            &quot;type&quot;: &quot;link&quot;,&#xd;
            &quot;label&quot;: &quot;standard_usersByClinic&quot;,&#xd;
            &quot;url&quot;: &quot;reportingui/runReport.page?reportDefinition=f5a631b9-40a3-45c4-ac66-da2aa4b157a3&quot;,&#xd;
            &quot;icon&quot;: &quot;icon-list-alt&quot;,&#xd;
            &quot;order&quot;: 1,&#xd;
            &quot;requiredPrivilege&quot;: &quot;App: reportingui.reports&quot;&#xd;
        },&#xd;
         {&#xd;
            &quot;id&quot;: &quot;cfl.reportingui.reports.homepagelink&quot;,&#xd;
            &quot;extensionPointId&quot;: &quot;org.openmrs.module.reportingui.reports.overview&quot;,&#xd;
            &quot;type&quot;: &quot;link&quot;,&#xd;
            &quot;label&quot;: &quot;standard_clinicOverview&quot;,&#xd;
            &quot;url&quot;: &quot;reportingui/runReport.page?reportDefinition=3233cae8-0dfc-43e9-b93d-4ef3535580ce&quot;,&#xd;
            &quot;icon&quot;: &quot;icon-list-alt&quot;,&#xd;
            &quot;order&quot;: 1,&#xd;
            &quot;requiredPrivilege&quot;: &quot;App: reportingui.reports&quot;&#xd;
        },&#xd;
        {&#xd;
            &quot;id&quot;: &quot;cfl.reportingui.reports.homepagelink&quot;,&#xd;
            &quot;extensionPointId&quot;: &quot;org.openmrs.module.reportingui.reports.overview&quot;,&#xd;
            &quot;type&quot;: &quot;link&quot;,&#xd;
            &quot;label&quot;: &quot;Visit OverView&quot;,&#xd;
            &quot;url&quot;: &quot;reportingui/runReport.page?reportDefinition=34d9ad32-fd02-470f-ab7b-06ca2c5479ab&quot;,&#xd;
            &quot;icon&quot;: &quot;icon-list-alt&quot;,&#xd;
            &quot;order&quot;: 1,&#xd;
            &quot;requiredPrivilege&quot;: &quot;App: reportingui.reports&quot;&#xd;
        },&#xd;
        {&#xd;
            &quot;id&quot;: &quot;cfl.reportingui.reports.homepagelink&quot;,&#xd;
            &quot;extensionPointId&quot;: &quot;org.openmrs.module.reportingui.reports.overview&quot;,&#xd;
            &quot;type&quot;: &quot;link&quot;,&#xd;
            &quot;label&quot;: &quot;report-myUsers&quot;,&#xd;
            &quot;url&quot;: &quot;reportingui/runReport.page?reportDefinition=b8e1f250-4a6c-45e5-a976-8a665f28326b&quot;,&#xd;
            &quot;icon&quot;: &quot;icon-list-alt&quot;,&#xd;
            &quot;order&quot;: 1,&#xd;
            &quot;requiredPrivilege&quot;: &quot;App: reportingui.reports&quot;&#xd;
        },&#xd;
         {&#xd;
            &quot;id&quot;: &quot;cfl.reportingui.reports.homepagelink&quot;,&#xd;
            &quot;extensionPointId&quot;: &quot;org.openmrs.module.reportingui.reports.overview&quot;,&#xd;
            &quot;type&quot;: &quot;link&quot;,&#xd;
            &quot;label&quot;: &quot;GeneralPatientLevel&quot;,&#xd;
            &quot;url&quot;: &quot;reportingui/runReport.page?reportDefinition=4bd935d0-dd6c-43d7-9c1f-c9cad768d6a2&quot;,&#xd;
            &quot;icon&quot;: &quot;icon-list-alt&quot;,&#xd;
            &quot;order&quot;: 1,&#xd;
            &quot;requiredPrivilege&quot;: &quot;App: reportingui.reports&quot;&#xd;
        },&#xd;
       {&#xd;
            &quot;id&quot;: &quot;cfl.reportingui.reports.homepagelink&quot;,&#xd;
            &quot;extensionPointId&quot;: &quot;org.openmrs.module.reportingui.reports.overview&quot;,&#xd;
            &quot;type&quot;: &quot;link&quot;,&#xd;
            &quot;label&quot;: &quot;dashboard_weeklyAdherence&quot;,&#xd;
            &quot;url&quot;: &quot;reportingui/runReport.page?reportDefinition=40dd9330-d8f0-4b13-98fe-71fc61bff0cb&quot;,&#xd;
            &quot;icon&quot;: &quot;icon-list-alt&quot;,&#xd;
            &quot;order&quot;: 1,&#xd;
            &quot;requiredPrivilege&quot;: &quot;App: reportingui.reports&quot;&#xd;
        },&#xd;
       {&#xd;
            &quot;id&quot;: &quot;cfl.reportingui.reports.homepagelink&quot;,&#xd;
            &quot;extensionPointId&quot;: &quot;org.openmrs.module.reportingui.reports.overview&quot;,&#xd;
            &quot;type&quot;: &quot;link&quot;,&#xd;
            &quot;label&quot;: &quot;Health Tip&quot;,&#xd;
            &quot;url&quot;: &quot;reportingui/runReport.page?reportDefinition=2a2a9718-5385-4fc8-b1da-90d23974cafb&quot;,&#xd;
            &quot;icon&quot;: &quot;icon-list-alt&quot;,&#xd;
            &quot;order&quot;: 1,&#xd;
            &quot;requiredPrivilege&quot;: &quot;App: reportingui.reports&quot;&#xd;
        },&#xd;
       {&#xd;
            &quot;id&quot;: &quot;cfl.reportingui.reports.homepagelink&quot;,&#xd;
            &quot;extensionPointId&quot;: &quot;org.openmrs.module.reportingui.reports.overview&quot;,&#xd;
            &quot;type&quot;: &quot;link&quot;,&#xd;
            &quot;label&quot;: &quot;Clinic Level Data (All pts)&quot;,&#xd;
            &quot;url&quot;: &quot;reportingui/runReport.page?reportDefinition=849dbd1c-fba6-4bab-b86a-4731ac757fae&quot;,&#xd;
            &quot;icon&quot;: &quot;icon-list-alt&quot;,&#xd;
            &quot;order&quot;: 1,&#xd;
            &quot;requiredPrivilege&quot;: &quot;App: reportingui.reports&quot;&#xd;
        },&#xd;
       {&#xd;
            &quot;id&quot;: &quot;cfl.reportingui.reports.homepagelink&quot;,&#xd;
            &quot;extensionPointId&quot;: &quot;org.openmrs.module.reportingui.reports.overview&quot;,&#xd;
            &quot;type&quot;: &quot;link&quot;,&#xd;
            &quot;label&quot;: &quot;call detail&quot;,&#xd;
            &quot;url&quot;: &quot;reportingui/runReport.page?reportDefinition=541f30d2-9a35-4819-88a8-2fb3f2d0eef4&quot;,&#xd;
            &quot;icon&quot;: &quot;icon-list-alt&quot;,&#xd;
            &quot;order&quot;: 1,&#xd;
            &quot;requiredPrivilege&quot;: &quot;App: reportingui.reports&quot;&#xd;
        }&#xd;
    ]&#xd;
}&#xd;
</json>
  </org.openmrs.module.appframework.domain.UserApp>
  <org.openmrs.module.appframework.domain.UserApp id="24">
    <appId>cflui.configureMetadataApps</appId>
    <json>{&#xd;
  &quot;id&quot;: &quot;cflui.configureMetadataApps&quot;,&#xd;
  &quot;description&quot;: &quot;CFL UI Configure Metadata Apps&quot;,&#xd;
  &quot;order&quot;: 1,&#xd;
  &quot;extensions&quot;: [&#xd;
    {&#xd;
      &quot;id&quot;: &quot;cflUi.adminGroup&quot;,&#xd;
      &quot;extensionPointId&quot;: &quot;org.openmrs.module.adminui.adminGroups&quot;,&#xd;
      &quot;type&quot;: &quot;group&quot;,&#xd;
      &quot;label&quot;: &quot;CFL&quot;,&#xd;
      &quot;icon&quot;: &quot;icon-book&quot;&#xd;
    },&#xd;
    {&#xd;
      &quot;id&quot;: &quot;cflUi.addressDataLink&quot;,&#xd;
      &quot;extensionPointId&quot;: &quot;org.openmrs.module.adminui.adminLinks&quot;,&#xd;
      &quot;type&quot;: &quot;link&quot;,&#xd;
      &quot;label&quot;: &quot;Manage Address Data&quot;,&#xd;
      &quot;url&quot;: &quot;owa/cfl-ui/index.html#/address-data&quot;,&#xd;
      &quot;extensionParams&quot;: {&#xd;
        &quot;group&quot;: &quot;cflUi.adminGroup&quot;&#xd;
      }&#xd;
    },&#xd;
    {&#xd;
      &quot;id&quot;: &quot;cflUi.notificationConfigurationLink&quot;,&#xd;
      &quot;extensionPointId&quot;: &quot;org.openmrs.module.adminui.adminLinks&quot;,&#xd;
      &quot;type&quot;: &quot;link&quot;,&#xd;
      &quot;label&quot;: &quot;Manage Notification Configuration&quot;,&#xd;
      &quot;url&quot;: &quot;owa/cfl-ui/index.html#/notification-configuration&quot;,&#xd;
      &quot;extensionParams&quot;: {&#xd;
        &quot;group&quot;: &quot;cflUi.adminGroup&quot;&#xd;
      }&#xd;
    },&#xd;
    {&#xd;
      &quot;id&quot;: &quot;cflUi.notificationTemplatesLink&quot;,&#xd;
      &quot;extensionPointId&quot;: &quot;org.openmrs.module.adminui.adminLinks&quot;,&#xd;
      &quot;type&quot;: &quot;link&quot;,&#xd;
      &quot;label&quot;: &quot;Manage Notification Templates&quot;,&#xd;
      &quot;url&quot;: &quot;owa/cfl-ui/index.html#/notification-templates&quot;,&#xd;
      &quot;extensionParams&quot;: {&#xd;
        &quot;group&quot;: &quot;cflUi.adminGroup&quot;&#xd;
      }&#xd;
    },&#xd;
   {&#xd;
        &quot;id&quot;: &quot;cflUi.manageRegimensLink&quot;,&#xd;
        &quot;extensionPointId&quot;: &quot;org.openmrs.module.adminui.adminLinks&quot;,&#xd;
        &quot;type&quot;: &quot;link&quot;,&#xd;
        &quot;label&quot;: &quot;Manage Regimens&quot;,&#xd;
        &quot;url&quot;: &quot;owa/cfl-ui/index.html#/regimens&quot;,&#xd;
        &quot;extensionParams&quot;: {&#xd;
          &quot;group&quot;: &quot;cflUi.adminGroup&quot;&#xd;
        }&#xd;
      },&#xd;
     {&#xd;
      &quot;id&quot;: &quot;cflUi.patientRecordColumnsConfiguration&quot;,&#xd;
      &quot;extensionPointId&quot;: &quot;org.openmrs.module.adminui.adminLinks&quot;,&#xd;
      &quot;type&quot;: &quot;link&quot;,&#xd;
      &quot;label&quot;: &quot;Manage Patient&apos;s Record Columns Configuration&quot;,&#xd;
      &quot;url&quot;: &quot;owa/cfl-ui/index.html#/patient-record-columns-configuration&quot;,&#xd;
      &quot;extensionParams&quot;: {&#xd;
        &quot;group&quot;: &quot;cflUi.adminGroup&quot;&#xd;
      }&#xd;
    }&#xd;
  ],&#xd;
  &quot;config&quot;: {&#xd;
    &quot;syncScopes&quot;: [&#xd;
      {&#xd;
        &quot;value&quot;: &quot;country&quot;,&#xd;
        &quot;label&quot;: &quot;Country&quot;&#xd;
      },&#xd;
      {&#xd;
        &quot;value&quot;: &quot;site&quot;,&#xd;
        &quot;label&quot;: &quot;Site&quot;&#xd;
      },&#xd;
      {&#xd;
        &quot;value&quot;: &quot;cluster&quot;,&#xd;
        &quot;label&quot;: &quot;Cluster&quot;&#xd;
      }&#xd;
    ],&#xd;
    &quot;authSteps&quot;: [&#xd;
      {&#xd;
        &quot;value&quot;: &quot;id_card&quot;,&#xd;
        &quot;label&quot;: &quot;ID Card&quot;&#xd;
      },&#xd;
      {&#xd;
        &quot;value&quot;: &quot;phone&quot;,&#xd;
        &quot;label&quot;: &quot;Phone&quot;&#xd;
      },&#xd;
      {&#xd;
        &quot;value&quot;: &quot;iris_scan&quot;,&#xd;
        &quot;label&quot;: &quot;Iris Scan&quot;&#xd;
      }&#xd;
    ],&#xd;
    &quot;dosingVisitTypes&quot;: [&quot;Dosing&quot;],&#xd;
    &quot;regimenUpdatePermitted&quot;: true&#xd;
  }&#xd;
}</json>
  </org.openmrs.module.appframework.domain.UserApp>
  <org.openmrs.module.appframework.domain.UserApp id="25">
    <appId>cflui.findCaregiver</appId>
    <json>{&#xd;
    &quot;id&quot;: &quot;cflui.findCaregiver&quot;,&#xd;
    &quot;description&quot;: &quot;CFL UI&quot;,&#xd;
    &quot;order&quot;: 3,&#xd;
    &quot;extensions&quot;: [&#xd;
      {&#xd;
        &quot;id&quot;: &quot;demoapp.homepageLink&quot;,&#xd;
        &quot;extensionPointId&quot;: &quot;org.openmrs.referenceapplication.homepageLink&quot;,&#xd;
        &quot;type&quot;: &quot;link&quot;,&#xd;
        &quot;label&quot;: &quot;Find Caregiver&quot;,&#xd;
        &quot;url&quot;: &quot;owa/cfl-ui/index.html#/find-caregiver&quot;,&#xd;
        &quot;icon&quot;: &quot;cfl-find-caregiver&quot;,&#xd;
        &quot;requiredPrivilege&quot;: &quot;Get People&quot;&#xd;
      }&#xd;
    ],&#xd;
    &quot;config&quot;: {&#xd;
      &quot;tableColumns&quot;: &quot;patientIdentifier,display,gender,age,birthdate,phoneNumber&quot;&#xd;
    }&#xd;
  }</json>
  </org.openmrs.module.appframework.domain.UserApp>
  <org.openmrs.module.appframework.domain.UserApp id="26">
    <appId>cflui.findPatient</appId>
    <json>{&#xd;
    &quot;id&quot;: &quot;cflui.findPatient&quot;,&#xd;
    &quot;description&quot;: &quot;CFL UI&quot;,&#xd;
    &quot;order&quot;: 1,&#xd;
    &quot;extensions&quot;: [&#xd;
      {&#xd;
        &quot;id&quot;: &quot;demoapp.homepageLink&quot;,&#xd;
        &quot;extensionPointId&quot;: &quot;org.openmrs.referenceapplication.homepageLink&quot;,&#xd;
        &quot;type&quot;: &quot;link&quot;,&#xd;
        &quot;label&quot;: &quot;Find Patient&quot;,&#xd;
        &quot;url&quot;: &quot;owa/cfl-ui/index.html#/find-patient&quot;,&#xd;
        &quot;icon&quot;: &quot;cfl-find-patient&quot;,&#xd;
        &quot;requiredPrivilege&quot;: &quot;Get Patients&quot;&#xd;
      }&#xd;
    ],&#xd;
    &quot;config&quot;: {&#xd;
      &quot;tableColumns&quot;: &quot;patientIdentifier,display,gender,age,birthdate,phoneNumber&quot;&#xd;
    }&#xd;
  }</json>
  </org.openmrs.module.appframework.domain.UserApp>
  <org.openmrs.module.appframework.domain.UserApp id="27">
    <appId>cflui.notificationConfig</appId>
    <json>{&#xd;
  &quot;id&quot;: &quot;cflui.notificationConfig&quot;,&#xd;
  &quot;description&quot;: &quot;CFL notification configuration&quot;,&#xd;
  &quot;order&quot;: 1,&#xd;
  &quot;extensions&quot;: [&#xd;
    {&#xd;
      &quot;id&quot;: &quot;cflUi.adminGroup&quot;,&#xd;
      &quot;extensionPointId&quot;: &quot;org.openmrs.module.adminui.adminGroups&quot;,&#xd;
      &quot;type&quot;: &quot;group&quot;,&#xd;
      &quot;label&quot;: &quot;CFL&quot;,&#xd;
      &quot;icon&quot;: &quot;icon-book&quot;&#xd;
    },&#xd;
    {&#xd;
      &quot;id&quot;: &quot;cflUi.notificationConfigurationLink&quot;,&#xd;
      &quot;extensionPointId&quot;: &quot;org.openmrs.module.adminui.adminLinks&quot;,&#xd;
      &quot;type&quot;: &quot;link&quot;,&#xd;
      &quot;label&quot;: &quot;Manage Notification Configuration&quot;,&#xd;
      &quot;url&quot;: &quot;owa/cfl-ui/index.html#/notification-configuration&quot;,&#xd;
      &quot;extensionParams&quot;: {&#xd;
        &quot;group&quot;: &quot;cflUi.adminGroup&quot;&#xd;
      }&#xd;
    },&#xd;
    {&#xd;
      &quot;id&quot;: &quot;cflUi.notificationTemplatesLink&quot;,&#xd;
      &quot;extensionPointId&quot;: &quot;org.openmrs.module.adminui.adminLinks&quot;,&#xd;
      &quot;type&quot;: &quot;link&quot;,&#xd;
      &quot;label&quot;: &quot;Manage Notification Templates&quot;,&#xd;
      &quot;url&quot;: &quot;owa/cfl-ui/index.html#/notification-templates&quot;,&#xd;
      &quot;extensionParams&quot;: {&#xd;
        &quot;group&quot;: &quot;cflUi.adminGroup&quot;&#xd;
      }&#xd;
    }&#xd;
  ]&#xd;
}</json>
  </org.openmrs.module.appframework.domain.UserApp>
  <org.openmrs.module.appframework.domain.UserApp id="28">
    <appId>cflui.registerCaregiver</appId>
    <json>{&#xd;
    &quot;id&quot;: &quot;cflui.registerCaregiver&quot;,&#xd;
    &quot;description&quot;: &quot;CFL UI&quot;,&#xd;
    &quot;order&quot;: 2,&#xd;
    &quot;extensions&quot;: [&#xd;
      {&#xd;
        &quot;id&quot;: &quot;demoapp.homepageLink&quot;,&#xd;
        &quot;extensionPointId&quot;: &quot;org.openmrs.referenceapplication.homepageLink&quot;,&#xd;
        &quot;type&quot;: &quot;link&quot;,&#xd;
        &quot;label&quot;: &quot;Register Caregiver&quot;,&#xd;
        &quot;url&quot;: &quot;owa/cfl-ui/index.html#/register-caregiver&quot;,&#xd;
        &quot;icon&quot;: &quot;cfl-register-caregiver&quot;,&#xd;
        &quot;requiredPrivilege&quot;: &quot;Add People&quot;&#xd;
      }&#xd;
    ],&#xd;
    &quot;config&quot;: {&#xd;
      &quot;steps&quot;: [&#xd;
        {&#xd;
          &quot;label&quot;: &quot;Name&quot;,&#xd;
          &quot;title&quot;: &quot;Demographics&quot;,&#xd;
          &quot;subtitle&quot;: &quot;What&apos;s the caregiver&apos;s name?&quot;,&#xd;
          &quot;fields&quot;: [&#xd;
            {&#xd;
              &quot;name&quot;: &quot;givenName&quot;,&#xd;
              &quot;required&quot;: true&#xd;
            },&#xd;
            {&#xd;
              &quot;name&quot;: &quot;middleName&quot;,&#xd;
              &quot;required&quot;: false&#xd;
            },&#xd;
            {&#xd;
              &quot;name&quot;: &quot;familyName&quot;,&#xd;
              &quot;required&quot;: true&#xd;
            }&#xd;
          ]&#xd;
        },&#xd;
        {&#xd;
          &quot;label&quot;: &quot;Language&quot;,&#xd;
          &quot;title&quot;: &quot;Demographics&quot;,&#xd;
          &quot;subtitle&quot;: &quot;What language does the caregiver prefer?&quot;,&#xd;
          &quot;fields&quot;: [&#xd;
            {&#xd;
              &quot;name&quot;: &quot;personLanguage&quot;,&#xd;
              &quot;required&quot;: false,&#xd;
              &quot;type&quot;: &quot;select&quot;,&#xd;
              &quot;options&quot;: [&quot;English&quot;, &quot;Marathi&quot;, &quot;Hindi&quot;]&#xd;
            }&#xd;
          ]&#xd;
        },&#xd;
        {&#xd;
          &quot;label&quot;: &quot;Phone Number&quot;,&#xd;
          &quot;title&quot;: &quot;Demographics&quot;,&#xd;
          &quot;subtitle&quot;: &quot;What&apos;s the caregiver&apos;s phone number?&quot;,&#xd;
          &quot;fields&quot;: [&#xd;
            {&#xd;
              &quot;name&quot;: &quot;Telephone Number&quot;,&#xd;
              &quot;required&quot;: false,&#xd;
              &quot;type&quot;: &quot;phone&quot;&#xd;
            }&#xd;
          ]&#xd;
        },&#xd;
        {&#xd;
          &quot;label&quot;: &quot;Person Location&quot;,&#xd;
          &quot;title&quot;: &quot;Demographics&quot;,&#xd;
          &quot;subtitle&quot;: &quot;What&apos;s the caregiver&apos;s location?&quot;,&#xd;
          &quot;fields&quot;: [&#xd;
            {&#xd;
              &quot;name&quot;: &quot;LocationAttribute&quot;,&#xd;
              &quot;label&quot;: &quot;Person Location&quot;,&#xd;
              &quot;required&quot;: false,&#xd;
              &quot;type&quot;: &quot;select&quot;,&#xd;
              &quot;optionSource&quot;: &quot;locations&quot;&#xd;
            }&#xd;
          ]&#xd;
        },&#xd;
        {&#xd;
          &quot;label&quot;: &quot;Relatives&quot;,&#xd;
          &quot;title&quot;: &quot;Demographics&quot;,&#xd;
          &quot;subtitle&quot;: &quot;Who is the caregiver related to?&quot;,&#xd;
          &quot;fields&quot;: [&#xd;
            {&#xd;
              &quot;name&quot;: &quot;relatives&quot;,&#xd;
              &quot;required&quot;: false,&#xd;
              &quot;type&quot;: &quot;relatives&quot;&#xd;
            }&#xd;
          ]&#xd;
        }&#xd;
      ]&#xd;
    }&#xd;
  }</json>
  </org.openmrs.module.appframework.domain.UserApp>
  <org.openmrs.module.appframework.domain.UserApp id="29">
    <appId>cflui.registerPatient</appId>
    <json>{&#xd;
  &quot;id&quot;: &quot;cflui.registerPatient&quot;,&#xd;
  &quot;description&quot;: &quot;CFL UI&quot;,&#xd;
  &quot;order&quot;: 0,&#xd;
  &quot;extensions&quot;: [&#xd;
    {&#xd;
      &quot;id&quot;: &quot;demoapp.homepageLink&quot;,&#xd;
      &quot;extensionPointId&quot;: &quot;org.openmrs.referenceapplication.homepageLink&quot;,&#xd;
      &quot;type&quot;: &quot;link&quot;,&#xd;
      &quot;label&quot;: &quot;CFL Register Patient&quot;,&#xd;
      &quot;url&quot;: &quot;owa/cfl-ui/index.html#/register-patient&quot;,&#xd;
      &quot;icon&quot;: &quot;cfl-register-patient&quot;,&#xd;
      &quot;requiredPrivilege&quot;: &quot;Add Patients&quot;&#xd;
    }&#xd;
  ],&#xd;
  &quot;config&quot;: {&#xd;
    &quot;steps&quot;: [&#xd;
      {&#xd;
        &quot;label&quot;: &quot;Name&quot;,&#xd;
        &quot;title&quot;: &quot;Patient Demographics&quot;,&#xd;
        &quot;subtitle&quot;: &quot;What&apos;s the patient&apos;s name?&quot;,&#xd;
        &quot;fields&quot;: [&#xd;
          {&#xd;
            &quot;name&quot;: &quot;givenName&quot;,&#xd;
            &quot;required&quot;: true&#xd;
          },&#xd;
          {&#xd;
            &quot;name&quot;: &quot;middleName&quot;,&#xd;
            &quot;required&quot;: false&#xd;
          },&#xd;
          {&#xd;
            &quot;name&quot;: &quot;familyName&quot;&#xd;
          }&#xd;
        ]&#xd;
      },&#xd;
      {&#xd;
        &quot;label&quot;: &quot;Birthdate&quot;,&#xd;
        &quot;title&quot;: &quot;Patient Demographics&quot;,&#xd;
        &quot;subtitle&quot;: &quot;What&apos;s the patient&apos;s birth date? (Required)&quot;,&#xd;
        &quot;fields&quot;: [&#xd;
          {&#xd;
            &quot;name&quot;: &quot;birthdate&quot;,&#xd;
            &quot;required&quot;: true,&#xd;
            &quot;type&quot;: &quot;date&quot;&#xd;
          },&#xd;
          {&#xd;
            &quot;label&quot;: &quot;Or&quot;,&#xd;
            &quot;type&quot;: &quot;separator&quot;&#xd;
          },&#xd;
          {&#xd;
            &quot;name&quot;: &quot;birthdateYears&quot;,&#xd;
            &quot;required&quot;: false,&#xd;
            &quot;type&quot;: &quot;number&quot;&#xd;
          },&#xd;
          {&#xd;
            &quot;name&quot;: &quot;birthdateMonths&quot;,&#xd;
            &quot;required&quot;: false,&#xd;
            &quot;type&quot;: &quot;number&quot;&#xd;
          }&#xd;
        ]&#xd;
      },&#xd;
      {&#xd;
        &quot;label&quot;: &quot;Gender&quot;,&#xd;
        &quot;title&quot;: &quot;Patient Demographics&quot;,&#xd;
        &quot;subtitle&quot;: &quot;What&apos;s the patient gender? (Required)&quot;,&#xd;
        &quot;fields&quot;: [&#xd;
          {&#xd;
            &quot;label&quot;: &quot;Sex assigned at birth&quot;,&#xd;
            &quot;type&quot;: &quot;separator&quot;,&#xd;
            &quot;class&quot;: &quot;mb-1&quot;&#xd;
          },&#xd;
          {&#xd;
            &quot;name&quot;: &quot;gender&quot;,&#xd;
            &quot;required&quot;: true,&#xd;
            &quot;type&quot;: &quot;buttons&quot;,&#xd;
            &quot;options&quot;: [&#xd;
              {&#xd;
                &quot;label&quot;: &quot;Male&quot;,&#xd;
                &quot;value&quot;: &quot;M&quot;&#xd;
              },&#xd;
              {&#xd;
                &quot;label&quot;: &quot;Female&quot;,&#xd;
                &quot;value&quot;: &quot;F&quot;&#xd;
              }&#xd;
            ]&#xd;
          },&#xd;
          {&#xd;
            &quot;label&quot;: &quot;Gender identity&quot;,&#xd;
            &quot;type&quot;: &quot;separator&quot;,&#xd;
            &quot;class&quot;: &quot;mb-1&quot;&#xd;
          },&#xd;
          {&#xd;
            &quot;name&quot;: &quot;Gender Identity&quot;,&#xd;
            &quot;required&quot;: true,&#xd;
            &quot;type&quot;: &quot;buttons&quot;,&#xd;
            &quot;label&quot;: &quot;Gender identity&quot;,&#xd;
            &quot;options&quot;: [&#xd;
              {&#xd;
                &quot;label&quot;: &quot;Male&quot;,&#xd;
                &quot;value&quot;: &quot;M&quot;&#xd;
              },&#xd;
              {&#xd;
                &quot;label&quot;: &quot;Female&quot;,&#xd;
                &quot;value&quot;: &quot;F&quot;&#xd;
              },&#xd;
              {&#xd;
                &quot;label&quot;: &quot;Other&quot;,&#xd;
                &quot;value&quot;: &quot;O&quot;&#xd;
              }&#xd;
            ]&#xd;
          },&#xd;
          {&#xd;
            &quot;name&quot;: &quot;Gender Identity&quot;,&#xd;
            &quot;required&quot;: false,&#xd;
            &quot;label&quot;: &quot;Other&quot;&#xd;
          }&#xd;
        ]&#xd;
      },&#xd;
      {&#xd;
        &quot;label&quot;: &quot;Country of Nationality&quot;,&#xd;
        &quot;title&quot;: &quot;Patient Demographics&quot;,&#xd;
        &quot;subtitle&quot;: &quot;What is the nationality of a patient?&quot;,&#xd;
        &quot;fields&quot;: [&#xd;
          {&#xd;
            &quot;name&quot;: &quot;Nationality&quot;,&#xd;
            &quot;label&quot;: &quot;Country of Nationality&quot;,&#xd;
            &quot;required&quot;: true,&#xd;
            &quot;type&quot;: &quot;select&quot;,&#xd;
            &quot;optionSource&quot;: &quot;concept&quot;,&#xd;
            &quot;optionUuid&quot;: &quot;165657AAAAAAAAAAAAAAAAAAAAAAAAAAAAAA&quot;&#xd;
          }&#xd;
        ]&#xd;
      },&#xd;
      {&#xd;
        &quot;label&quot;: &quot;Phone Number&quot;,&#xd;
        &quot;title&quot;: &quot;Patient Demographics&quot;,&#xd;
        &quot;subtitle&quot;: &quot;What&apos;s the patient&apos;s phone number?&quot;,&#xd;
        &quot;fields&quot;: [&#xd;
          {&#xd;
            &quot;name&quot;: &quot;Telephone Number&quot;,&#xd;
            &quot;required&quot;: true,&#xd;
            &quot;type&quot;: &quot;phone&quot;,&#xd;
            &quot;defaultCountry&quot;: &quot;PH&quot;&#xd;
          }&#xd;
        ]&#xd;
      },&#xd;
      {&#xd;
        &quot;label&quot;: &quot;City&quot;,&#xd;
        &quot;title&quot;: &quot;Patient Demographics&quot;,&#xd;
        &quot;subtitle&quot;: &quot;What&apos;s the patient&apos;s city?&quot;,&#xd;
        &quot;fields&quot;: [&#xd;
          {&#xd;
            &quot;name&quot;: &quot;City of current residence&quot;,&#xd;
            &quot;label&quot;: &quot;City of current residence&quot;,&#xd;
            &quot;required&quot;: true&#xd;
          },&#xd;
          {&#xd;
            &quot;name&quot;: &quot;City of origin&quot;,&#xd;
            &quot;label&quot;: &quot;City of origin&quot;,&#xd;
            &quot;required&quot;: true&#xd;
          }&#xd;
        ]&#xd;
      },&#xd;
      {&#xd;
        &quot;label&quot;: &quot;Civil Status&quot;,&#xd;
        &quot;title&quot;: &quot;Patient Demographics&quot;,&#xd;
        &quot;subtitle&quot;: &quot;What&apos;s the patient&apos;s civil status?&quot;,&#xd;
        &quot;fields&quot;: [&#xd;
          {&#xd;
            &quot;name&quot;: &quot;Civil status&quot;,&#xd;
            &quot;label&quot;: &quot;Civil status&quot;,&#xd;
            &quot;required&quot;: true,&#xd;
            &quot;type&quot;: &quot;select&quot;,&#xd;
            &quot;options&quot;: [&#xd;
              &quot;Single&quot;,&#xd;
              &quot;Married&quot;,&#xd;
              &quot;Common law partner&quot;,&#xd;
              &quot;Separated&quot;,&#xd;
              &quot;Divorced&quot;,&#xd;
              &quot;Widowed&quot;&#xd;
            ]&#xd;
          }&#xd;
        ]&#xd;
      },&#xd;
      {&#xd;
        &quot;label&quot;: &quot;Highest grade of education&quot;,&#xd;
        &quot;title&quot;: &quot;Patient Demographics&quot;,&#xd;
        &quot;subtitle&quot;: &quot;What&apos;s the patient&apos;s highest grade of education?&quot;,&#xd;
        &quot;fields&quot;: [&#xd;
		  {&#xd;
            &quot;name&quot;: &quot;Education degree&quot;,&#xd;
            &quot;label&quot;: &quot;Education Degree&quot;,&#xd;
            &quot;required&quot;: true,&#xd;
            &quot;type&quot;: &quot;select&quot;,&#xd;
            &quot;options&quot;: [&#xd;
              &quot;No education&quot;,&#xd;
              &quot;Elementary&quot;,&#xd;
              &quot;High School&quot;,&#xd;
              &quot;Vocational&quot;,&#xd;
              &quot;College&quot;,&#xd;
              &quot;Post-Graduate&quot;&#xd;
            ]&#xd;
          },&#xd;
		  {&#xd;
            &quot;label&quot;: &quot;Currently Studying&quot;,&#xd;
            &quot;type&quot;: &quot;separator&quot;,&#xd;
            &quot;class&quot;: &quot;row col-xs-12&quot;&#xd;
          },&#xd;
			{&#xd;
			&quot;name&quot;: &quot;Currently Studying&quot;,&#xd;
                        &quot;required&quot;: true,&#xd;
			&quot;type&quot;: &quot;buttons&quot;,&#xd;
            &quot;options&quot;: [&#xd;
              {&#xd;
                &quot;label&quot;: &quot;Yes&quot;,&#xd;
                &quot;value&quot;: &quot;Yes&quot;&#xd;
              },&#xd;
				{&#xd;
                &quot;label&quot;: &quot;No&quot;,&#xd;
                &quot;value&quot;: &quot;No&quot;&#xd;
              }]&#xd;
		}&#xd;
		  ]&#xd;
      },&#xd;
      {&#xd;
        &quot;label&quot;: &quot;Sector&quot;,&#xd;
        &quot;title&quot;: &quot;Patient Demographics&quot;,&#xd;
        &quot;subtitle&quot;: &quot;What&apos;s the patient&apos;s sector?&quot;,&#xd;
        &quot;columns&quot;: 2,&#xd;
        &quot;fields&quot;: [&#xd;
          {&#xd;
            &quot;name&quot;: &quot;Sector&quot;,&#xd;
            &quot;label&quot;: &quot;Sector&quot;,&#xd;
            &quot;required&quot;: true,&#xd;
            &quot;type&quot;: &quot;select&quot;,&#xd;
            &quot;options&quot;: [&#xd;
              &quot;&quot;,&#xd;
              &quot;Corporate/Business&quot;,&#xd;
              &quot;BPO&quot;,&#xd;
              &quot;OFW&quot;,&#xd;
              &quot;Student&quot;,&#xd;
              &quot;Employee&quot;,&#xd;
              &quot;Service Delivery&quot;,&#xd;
              &quot;Health worker&quot;,&#xd;
              &quot;Teacher&quot;,&#xd;
              &quot;Entertainment/media&quot;,&#xd;
              &quot;Seafarer&quot;,&#xd;
              &quot;Commercial Sex worker&quot;,&#xd;
              &quot;Unemployed&quot;&#xd;
            ]&#xd;
          },&#xd;
          {&#xd;
            &quot;name&quot;: &quot;Sector&quot;,&#xd;
            &quot;required&quot;: false,&#xd;
            &quot;label&quot;: &quot;Other&quot;&#xd;
          },&#xd;
          {&#xd;
            &quot;name&quot;: &quot;Job&quot;,&#xd;
            &quot;required&quot;: false,&#xd;
            &quot;label&quot;: &quot;Job&quot;&#xd;
          }&#xd;
        ]&#xd;
      },&#xd;
      {&#xd;
        &quot;label&quot;: &quot;Identifiers&quot;,&#xd;
        &quot;title&quot;: &quot;Patient Demographics&quot;,&#xd;
        &quot;subtitle&quot;: &quot;SHIP Information&quot;,&#xd;
        &quot;columns&quot;: 1,&#xd;
        &quot;fields&quot;: [&#xd;
          {&#xd;
            &quot;name&quot;: &quot;SHIP ID&quot;,&#xd;
            &quot;required&quot;: true,&#xd;
            &quot;label&quot;: &quot;SHIP ID&quot;&#xd;
          },&#xd;
          {&#xd;
            &quot;name&quot;: &quot;HIV Confirmatory Lab Code&quot;,&#xd;
            &quot;required&quot;: true,&#xd;
            &quot;label&quot;: &quot;HIV Confirmatory Lab Code&quot;&#xd;
          },&#xd;
          {&#xd;
            &quot;name&quot;: &quot;PhillHealth No.&quot;,&#xd;
            &quot;required&quot;: true,&#xd;
            &quot;label&quot;: &quot;PhillHealth No.&quot;&#xd;
          },&#xd;
          {&#xd;
            &quot;name&quot;: &quot;Identifier Code&quot;,&#xd;
            &quot;required&quot;: true,&#xd;
            &quot;label&quot;: &quot;Unique Identifier Code&quot;,&#xd;
            &quot;mask&quot;: &quot;**-**-**-********&quot;&#xd;
          }&#xd;
        ]&#xd;
      }&#xd;
    ]&#xd;
  }&#xd;
}</json>
  </org.openmrs.module.appframework.domain.UserApp>
  <org.openmrs.module.appframework.domain.UserApp id="30">
    <appId>etlliteapp.basicEtllite</appId>
    <json>{&#xd;
      &quot;id&quot;: &quot;etlliteapp.basicEtllite&quot;,&#xd;
      &quot;label&quot;: &quot;ETL Lite module&quot;,&#xd;
      &quot;description&quot;: &quot;ETL Lite management page&quot;,&#xd;
      &quot;extensions&quot;: [&#xd;
          {&#xd;
              &quot;id&quot;: &quot;etlliteapp.basicEtllite.homepageLink&quot;,&#xd;
              &quot;extensionPointId&quot;: &quot;systemAdministration.apps&quot;,&#xd;
              &quot;type&quot;: &quot;link&quot;,&#xd;
              &quot;order&quot;: 11,&#xd;
              &quot;label&quot;: &quot;etllite.title&quot;,&#xd;
              &quot;url&quot;: &quot;owa/etllite/index.html&quot;,&#xd;
              &quot;icon&quot;: &quot;icon-cog&quot;,&#xd;
              &quot;requiredPrivilege&quot;: &quot;ETL Mappings Privilege&quot;&#xd;
          }&#xd;
      ]&#xd;
  }</json>
  </org.openmrs.module.appframework.domain.UserApp>
  <org.openmrs.module.appframework.domain.UserApp id="31">
    <appId>messages.patientDashboard.bestContact</appId>
    <json>{&#xd;
    &quot;id&quot;:&quot;messages.patientDashboard.bestContact&quot;,&#xd;
    &quot;description&quot;:&quot;Adds some modifications in the patient dashboard&quot;,&#xd;
    &quot;extensions&quot;: [&#xd;
      {&#xd;
        &quot;id&quot;: &quot;messages.patientDashboard.bestContact&quot;,&#xd;
        &quot;order&quot;: 4,&#xd;
        &quot;extensionPointId&quot;: &quot;patientDashboard.secondColumnFragments&quot;,&#xd;
        &quot;icon&quot;: &quot;icon-comment&quot;,&#xd;
        &quot;extensionParams&quot;: {&#xd;
          &quot;provider&quot;: &quot;messages&quot;,&#xd;
          &quot;fragment&quot;: &quot;patientdashboard/bestContactTime&quot;,&#xd;
          &quot;fragmentConfig&quot;: {&#xd;
            &quot;icon&quot;: &quot;icon-comment&quot;,&#xd;
            &quot;personActorTypeLabel&quot;: &quot;Caregiver&quot;,&#xd;
            &quot;detailsUrl&quot;: &quot;owa/messages/index.html#/messages/patient/{{person.id}}&amp;patientUuid={{person.uuid}}&quot;&#xd;
          }&#xd;
        }&#xd;
      }&#xd;
    ]&#xd;
  }</json>
  </org.openmrs.module.appframework.domain.UserApp>
  <org.openmrs.module.appframework.domain.UserApp id="32">
    <appId>messages.patientStatus</appId>
    <json>{&#xd;
    &quot;id&quot;: &quot;messages.patientStatus&quot;,&#xd;
    &quot;label&quot;: &quot;patient status&quot;,&#xd;
    &quot;description&quot;: &quot;Used to provide patient status UI functionality&quot;,&#xd;
    &quot;extensions&quot;: [&#xd;
      {&#xd;
        &quot;id&quot;: &quot;messages.patientHeader.secondLineFragments.patientStatus&quot;,&#xd;
        &quot;extensionPointId&quot;: &quot;patientHeader.secondLineFragments&quot;,&#xd;
        &quot;extensionParams&quot;: {&#xd;
          &quot;provider&quot;: &quot;messages&quot;,&#xd;
          &quot;fragment&quot;: &quot;patientheader/personStatus&quot;&#xd;
        }&#xd;
      }&#xd;
    ]&#xd;
  }</json>
  </org.openmrs.module.appframework.domain.UserApp>
  <org.openmrs.module.appframework.domain.UserApp id="33">
    <appId>messagesapp.basicMessages</appId>
    <json>{&#xd;
    &quot;id&quot;: &quot;messagesapp.basicMessages&quot;,&#xd;
    &quot;label&quot;: &quot;Messages module&quot;,&#xd;
    &quot;description&quot;: &quot;Messages management page&quot;,&#xd;
    &quot;extensions&quot;: [&#xd;
      {&#xd;
        &quot;id&quot;: &quot;messagesapp.basicMessages.administrationLink&quot;,&#xd;
        &quot;extensionPointId&quot;: &quot;systemAdministration.apps&quot;,&#xd;
        &quot;type&quot;: &quot;link&quot;,&#xd;
        &quot;order&quot;: 10,&#xd;
        &quot;label&quot;: &quot;messages.title&quot;,&#xd;
        &quot;url&quot;: &quot;owa/messages/index.html#/messages/manage&quot;,&#xd;
        &quot;icon&quot;: &quot;icon-comment&quot;,&#xd;
        &quot;requiredPrivilege&quot;: &quot;Messages schedule privilege&quot;&#xd;
      },&#xd;
      {&#xd;
        &quot;id&quot;: &quot;messagesapp.basicMessages.patientDashboardLink&quot;,&#xd;
        &quot;extensionPointId&quot;: &quot;patientDashboard.overallActions&quot;,&#xd;
        &quot;type&quot;: &quot;link&quot;,&#xd;
        &quot;label&quot;: &quot;messages.title&quot;,&#xd;
        &quot;icon&quot;: &quot;icon-comment&quot;,&#xd;
        &quot;order&quot;: 2,&#xd;
        &quot;url&quot;: &quot;owa/messages/index.html#/messages/patient/{{patient.patientId}}&amp;patientUuid={{patient.uuid}}&quot;&#xd;
      }&#xd;
    ]&#xd;
  }</json>
  </org.openmrs.module.appframework.domain.UserApp>
  <org.openmrs.module.appframework.domain.UserApp id="34">
    <appId>smsapp.basicSms</appId>
    <json>    {&#xd;
        &quot;id&quot;: &quot;smsapp.basicSms&quot;,&#xd;
        &quot;label&quot;: &quot;SMS module&quot;,&#xd;
        &quot;description&quot;: &quot;SMS management page&quot;,&#xd;
        &quot;extensions&quot;: [&#xd;
            {&#xd;
                &quot;id&quot;: &quot;smsapp.basicSms.homepageLink&quot;,&#xd;
                &quot;extensionPointId&quot;: &quot;systemAdministration.apps&quot;,&#xd;
                &quot;type&quot;: &quot;link&quot;,&#xd;
                &quot;order&quot;: 9,&#xd;
                &quot;label&quot;: &quot;sms.title&quot;,&#xd;
                &quot;url&quot;: &quot;owa/sms/index.html&quot;,&#xd;
                &quot;icon&quot;: &quot;icon-comment&quot;,&#xd;
                &quot;requiredPrivilege&quot;: &quot;SMS module Privilege&quot;&#xd;
            }&#xd;
        ]&#xd;
    }</json>
  </org.openmrs.module.appframework.domain.UserApp>
  <org.openmrs.module.appframework.domain.UserApp id="35">
    <appId>visits.patientDashboard.visitsSection</appId>
    <json>  {&#xd;
    &quot;id&quot;:&quot;visits.patientDashboard.visitsSection&quot;,&#xd;
    &quot;description&quot;:&quot;Add visit widget to the patient dashboard. It&apos;s configurable by two Global Properties how many nearest visits it should display: visits.upcoming-visits-limit and visits.past-visits-limit&quot;,&#xd;
    &quot;extensions&quot;: [&#xd;
      {&#xd;
        &quot;id&quot;: &quot;visits.patientDashboard.visitsSection&quot;,&#xd;
        &quot;order&quot;: 1,&#xd;
        &quot;extensionPointId&quot;: &quot;patientDashboard.secondColumnFragments&quot;,&#xd;
        &quot;icon&quot;: &quot;icon-calendar&quot;,&#xd;
        &quot;extensionParams&quot;: {&#xd;
          &quot;provider&quot;: &quot;visits&quot;,&#xd;
          &quot;fragment&quot;: &quot;clinicianfacing/visitsSection&quot;,&#xd;
          &quot;fragmentConfig&quot;: {&#xd;
            &quot;showVisitStatus&quot;: &quot;true&quot;,&#xd;
            &quot;editPageUrl&quot;: &quot;owa/visits/index.html?#/visits/manage/{{patient.uuid}}&quot;,&#xd;
            &quot;visitUrl&quot;: &quot;owa/visits/index.html?#/visits/manage/{{patient.uuid}}/schedule/{{visit.uuid}}&quot;&#xd;
          }&#xd;
        }&#xd;
      }&#xd;
    ]&#xd;
  }</json>
  </org.openmrs.module.appframework.domain.UserApp>
  <org.openmrs.module.appframework.domain.UserApp id="36">
    <appId>visitsapp.basicVisits</appId>
    <json>  {&#xd;
    &quot;id&quot;: &quot;visitsapp.basicVisits&quot;,&#xd;
    &quot;label&quot;: &quot;Visits module&quot;,&#xd;
    &quot;description&quot;: &quot;Visits management page&quot;,&#xd;
    &quot;extensions&quot;: [&#xd;
      {&#xd;
        &quot;id&quot;: &quot;visitsapp.basicVisits.patientDashboardLink&quot;,&#xd;
        &quot;extensionPointId&quot;: &quot;patientDashboard.overallActions&quot;,&#xd;
        &quot;type&quot;: &quot;link&quot;,&#xd;
        &quot;label&quot;: &quot;visits.visits&quot;,&#xd;
        &quot;icon&quot;: &quot;icon-calendar&quot;,&#xd;
        &quot;order&quot;: 3,&#xd;
        &quot;url&quot;: &quot;owa/visits/index.html#/visits/manage/{{patient.uuid}}&quot;&#xd;
      }&#xd;
    ]&#xd;
  }</json>
  </org.openmrs.module.appframework.domain.UserApp>
  <org.openmrs.module.appframework.domain.UserApp id="37">
    <appId>visitsapp.visitsOverview</appId>
    <json> {&#xd;
    &quot;id&quot;: &quot;visitsapp.visitsOverview&quot;,&#xd;
    &quot;label&quot;: &quot;Visit Overview&quot;,&#xd;
    &quot;description&quot;: &quot;List of visits per facility&quot;,&#xd;
    &quot;extensions&quot;: [&#xd;
      {&#xd;
        &quot;id&quot;: &quot;visitsapp.visitsOverview.homepageLink&quot;,&#xd;
        &quot;extensionPointId&quot;: &quot;org.openmrs.referenceapplication.homepageLink&quot;,&#xd;
        &quot;type&quot;: &quot;link&quot;,&#xd;
        &quot;order&quot;: 3,&#xd;
        &quot;label&quot;: &quot;visits.overview&quot;,&#xd;
        &quot;url&quot;: &quot;owa/visits/index.html#/visits/overview&quot;,&#xd;
        &quot;icon&quot;: &quot;icon-calendar&quot;,&#xd;
        &quot;requiredPrivilege&quot;: &quot;Get Visits&quot;&#xd;
      }&#xd;
    ]&#xd;
  }</json>
  </org.openmrs.module.appframework.domain.UserApp>
</list>
